Bonds,Benchmarks,AXE_TYPE,AXE_SIZE
,,,
Latam Euro,,,
ARGENT22E,,,
ARGENT23E,,,
ARGENT27E,,,
ARGENT28E,,,
ARGENT47E,,,
BANBRA18E,,,
BNDES19E,,,
BRAZIL21E,,,
BRFSBZ22E,,,
BUENOS23E,,,
CEMEX22E,,,
CEMEX23E,,,
CEMEX24E,,,
CHILE25E,,,
CHILE26E,,,
CHILE30E,,,
COLOM26E,,,
FEMSA23E,,,
MEX21E,,,
MEX22E,,,
MEX23E,,,
MEX24E,,,
MEX25E,,,
MEX29E,,,
MEX31E,,,
MEX45E,,,
MEX2115E,,,
PEMEX19E,,,
PEMEX20E,,,
PEMEX21E,,,
PEMEX22E,,,
PEMEX23E,,,
PEMEX24E,,,
PEMEX25E,,,
PEMEX26E,,,
PEMEX27E,,,
PEMEX28E,,,
PERU26E,,,
PERU30E,,,
PETBRA19E,,,
PETBRA21E,,,
PETBRA22E,,,
PETBRA23E,,,
PETBRA25E,,,
SIGMA24E,,,
TNEMAK24E,,,
VALEBZ23E,,,
,,,
Brazil,,,
PETBRA24,,,
PETBRA25E,,,
PETBRA26,,,
PETBRA26G,,,
PETBRA29G,,,
PETBRA34G,,,
PETBRA15,,,
,,,
Mexico,,,
MEX45E,,,
MEX2114G,,,
MEX2115E,,,
PEMEX22E,,,
PEMEX22G,,,
PEMEX27E,,,
,,,
Argentina,,,
ARGENT19,,,
ARGENT21N,,,
ARGENT20CH,,,
ARGENT22,,,
ARGENT22E,,,
ARGENT26,,,
ARGENT27,,,
ARGENT27E,,,
ARGENT28,,,
ARGENT36,,,
ARGENT46,,,
ARGENT2117,,,
,,,
ARGENT33,,,
ARGENT33E,,,
ARGENT38D,,,
ARGENT38DE,,,
,,,
ARGBON24,,,
,,,
ARGENT35,,,
ARGENT35E,,,
,,,
Others,,,
BTGPBZ20,,,
